{
  "Delete hero" : {
    "transaction" : "Delete hero",
    "sampleCount" : 11483,
    "errorCount" : 2713,
    "errorPct" : 23.62623,
    "meanResTime" : 47.00087085256469,
    "medianResTime" : 13.0,
    "minResTime" : 0.0,
    "maxResTime" : 17551.0,
    "pct1ResTime" : 40.0,
    "pct2ResTime" : 77.0,
    "pct3ResTime" : 398.4399999999987,
    "throughput" : 88.69510141658813,
    "receivedKBytesPerSec" : 66.86148535136638,
    "sentKBytesPerSec" : 14.303390344762331
  },
  "Change hero" : {
    "transaction" : "Change hero",
    "sampleCount" : 11510,
    "errorCount" : 2729,
    "errorPct" : 23.709818,
    "meanResTime" : 52.63501303214593,
    "medianResTime" : 13.0,
    "minResTime" : 0.0,
    "maxResTime" : 36131.0,
    "pct1ResTime" : 40.0,
    "pct2ResTime" : 96.44999999999891,
    "pct3ResTime" : 425.66999999999825,
    "throughput" : 87.28160640621209,
    "receivedKBytesPerSec" : 64.45800514656257,
    "sentKBytesPerSec" : 13.674081803756671
  },
  "Total" : {
    "transaction" : "Total",
    "sampleCount" : 91523,
    "errorCount" : 26685,
    "errorPct" : 29.156605,
    "meanResTime" : 8900.017088600682,
    "medianResTime" : 27.0,
    "minResTime" : 0.0,
    "maxResTime" : 146090.0,
    "pct1ResTime" : 133880.0,
    "pct2ResTime" : 134640.95,
    "pct3ResTime" : 135187.98,
    "throughput" : 474.3697391881246,
    "receivedKBytesPerSec" : 4984.173265357424,
    "sentKBytesPerSec" : 53.13047967493107
  },
  "Hero ID 2" : {
    "transaction" : "Hero ID 2",
    "sampleCount" : 12233,
    "errorCount" : 2956,
    "errorPct" : 24.164146,
    "meanResTime" : 2190.9581459985257,
    "medianResTime" : 15.0,
    "minResTime" : 0.0,
    "maxResTime" : 135175.0,
    "pct1ResTime" : 188.0,
    "pct2ResTime" : 8276.49999999996,
    "pct3ResTime" : 69506.2,
    "throughput" : 64.44085064240674,
    "receivedKBytesPerSec" : 48.154516897746966,
    "sentKBytesPerSec" : 6.060934767334974
  },
  "Hero ID 1" : {
    "transaction" : "Hero ID 1",
    "sampleCount" : 14126,
    "errorCount" : 4362,
    "errorPct" : 30.87923,
    "meanResTime" : 12508.410024069097,
    "medianResTime" : 23.0,
    "minResTime" : 0.0,
    "maxResTime" : 135378.0,
    "pct1ResTime" : 38853.00000000015,
    "pct2ResTime" : 114989.99999999999,
    "pct3ResTime" : 134920.0,
    "throughput" : 73.55108118943855,
    "receivedKBytesPerSec" : 62.78572246780904,
    "sentKBytesPerSec" : 6.305236694054369
  },
  "Get all heroes" : {
    "transaction" : "Get all heroes",
    "sampleCount" : 18954,
    "errorCount" : 8432,
    "errorPct" : 44.486652,
    "meanResTime" : 31917.137121451888,
    "medianResTime" : 10676.5,
    "minResTime" : 0.0,
    "maxResTime" : 146090.0,
    "pct1ResTime" : 133410.0,
    "pct2ResTime" : 134393.25,
    "pct3ResTime" : 135175.9,
    "throughput" : 98.23983082472944,
    "receivedKBytesPerSec" : 4696.23248407179,
    "sentKBytesPerSec" : 6.710511354801592
  },
  "Hero ID 3" : {
    "transaction" : "Hero ID 3",
    "sampleCount" : 11664,
    "errorCount" : 2767,
    "errorPct" : 23.722565,
    "meanResTime" : 335.81850137174206,
    "medianResTime" : 14.0,
    "minResTime" : 0.0,
    "maxResTime" : 69951.0,
    "pct1ResTime" : 48.0,
    "pct2ResTime" : 172.75,
    "pct3ResTime" : 6617.850000000011,
    "throughput" : 75.2637522180997,
    "receivedKBytesPerSec" : 55.54392593563478,
    "sentKBytesPerSec" : 7.12009371471205
  },
  "Create hero" : {
    "transaction" : "Create hero",
    "sampleCount" : 11553,
    "errorCount" : 2726,
    "errorPct" : 23.595602,
    "meanResTime" : 90.06569722150101,
    "medianResTime" : 14.0,
    "minResTime" : 0.0,
    "maxResTime" : 69522.0,
    "pct1ResTime" : 42.0,
    "pct2ResTime" : 110.0,
    "pct3ResTime" : 520.4599999999991,
    "throughput" : 72.79131015537382,
    "receivedKBytesPerSec" : 54.12234354129125,
    "sentKBytesPerSec" : 11.568512928522374
  }
}